artist,total_streams,total_daily,max_streams,song_count,average_streams,average_daily
Jay Sean,747533943,438514,747533943,1,747533943.0,438514.0
House Of Pain,572420135,422147,572420135,1,572420135.0,422147.0
Teddy Swims,1126280439,7082537,1126280439,1,1126280439.0,7082537.0
Sam Cooke,577307100,395982,577307100,1,577307100.0,395982.0
Zion & Lennox,2245922760,727793,932679414,3,748640920.0,242597.66666666666
Wolfine,531125105,92130,531125105,1,531125105.0,92130.0
Natalia Lafourcade,705178774,592348,705178774,1,705178774.0,592348.0
THE ANXIETY,629555570,187622,629555570,1,629555570.0,187622.0
Kane Brown,1040434904,430528,533146427,2,520217452.0,215264.0
Cher,656293190,548814,656293190,1,656293190.0,548814.0
Metallica,5300751845,3412345,1484015064,6,883458640.8333334,568724.1666666666
The Proclaimers,801122916,463110,801122916,1,801122916.0,463110.0
Auli'i Cravalho,641037863,314471,641037863,1,641037863.0,314471.0
Danny Ocean,3021588737,1695579,1857821706,3,1007196245.6666666,565193.0
Far East Movement,725983366,361763,725983366,1,725983366.0,361763.0
Selena Gomez,7976509282,1810352,1386534228,10,797650928.2,181035.2
Roar,611445517,441066,611445517,1,611445517.0,441066.0
Fergie,604014420,260364,604014420,1,604014420.0,260364.0
SLANDER,516473952,302678,516473952,1,516473952.0,302678.0
A$AP Rocky,4092110855,1683190,1315277022,5,818422171.0,336638.0
Bacilos,690267628,343035,690267628,1,690267628.0,343035.0
Major Lazer,5105788043,1669906,2177167718,3,1701929347.6666667,556635.3333333334
Pixies,943335181,523516,943335181,1,943335181.0,523516.0
Run–D.M.C.,531187230,212717,531187230,1,531187230.0,212717.0
CNCO,759012612,294245,759012612,1,759012612.0,294245.0
Dexys Midnight Runners,658477059,286469,658477059,1,658477059.0,286469.0
Gnarls Barkley,1143766652,486858,1143766652,1,1143766652.0,486858.0
Joel Corry,1770931385,524535,1239084201,2,885465692.5,262267.5
B.o.B,1470619854,690747,819600934,2,735309927.0,345373.5
NewJeans,2586449619,1860883,724605451,4,646612404.75,465220.75
Conan Gray,2651005526,1238348,1774504885,2,1325502763.0,619174.0
Pia Mia,533923781,122888,533923781,1,533923781.0,122888.0
Skrillex,1123510069,156921,1123510069,1,1123510069.0,156921.0
The Temper Trap,638881230,385430,638881230,1,638881230.0,385430.0
Foster The People,1913514682,1187417,1913514682,1,1913514682.0,1187417.0
Redbone,649241585,774072,649241585,1,649241585.0,774072.0
Kid Cudi,3701488201,1534466,871387550,5,740297640.2,306893.2
Childish Gambino,4867907335,2628310,1672980299,6,811317889.1666666,438051.6666666667
Tom Petty,743558389,315638,743558389,1,743558389.0,315638.0
Disturbed,1605071902,868171,814989467,2,802535951.0,434085.5
Alesso,714315531,158925,714315531,1,714315531.0,158925.0
The Calling,713423958,339877,713423958,1,713423958.0,339877.0
The Human League,557081772,422123,557081772,1,557081772.0,422123.0
BLACKPINK,6463005612,2263807,1065173014,9,718111734.6666666,251534.11111111112
Dwayne Johnson,577172006,263481,577172006,1,577172006.0,263481.0
Chase Atlantic,2025574265,1760883,766062981,3,675191421.6666666,586961.0
Aventura,2570128936,1731603,812466483,4,642532234.0,432900.75
Kanye West,16400338451,8676469,1455381479,19,863175707.9473684,456656.2631578947
Ed Maverick,617651283,323351,617651283,1,617651283.0,323351.0
BROCKHAMPTON,517703872,106002,517703872,1,517703872.0,106002.0
Anuel AA,5059167971,1893431,1211326424,6,843194661.8333334,315571.8333333333
Fuerza Regida,2787534281,2003134,597971594,5,557506856.2,400626.8
Alessia Cara,2854909989,718721,1465571385,3,951636663.0,239573.66666666666
The Cranberries,2084287781,2110428,1282611374,2,1042143890.5,1055214.0
Dalex,1466940411,438234,734138942,2,733470205.5,219117.0
Fools Garden,517429439,283249,517429439,1,517429439.0,283249.0
Sophie Ellis-Bextor,600848586,591017,600848586,1,600848586.0,591017.0
Chief Keef,798036680,415372,798036680,1,798036680.0,415372.0
Rita Ora,1707357273,216933,637396985,3,569119091.0,72311.0
DJ Khaled,4381958097,846763,1279069067,5,876391619.4,169352.6
Bring Me The Horizon,666940571,321356,666940571,1,666940571.0,321356.0
The Ronettes,537369030,41119,537369030,1,537369030.0,41119.0
Blue Swede,711233130,381587,711233130,1,711233130.0,381587.0
Ciara,558496633,504943,558496633,1,558496633.0,504943.0
Lil Nas X,9003965056,1936671,2063238174,7,1286280722.2857144,276667.28571428574
Coldplay,18763978316,11792153,2513216173,13,1443382947.3846154,907088.6923076923
Loud Luxury,1236535528,473782,1236535528,1,1236535528.0,473782.0
Lynyrd Skynyrd,2049771564,1010173,1361313956,2,1024885782.0,505086.5
Rixton,761833056,223698,761833056,1,761833056.0,223698.0
Nelly,2606846637,1281652,908050912,4,651711659.25,320413.0
John Travolta,636817492,195641,636817492,1,636817492.0,195641.0
Surfaces,978994383,254263,978994383,1,978994383.0,254263.0
Cigarettes After Sex,3443731263,4379646,1454086198,4,860932815.75,1094911.5
Nio Garcia,2472642162,460740,1201473503,3,824214054.0,153580.0
LMFAO,754909600,406635,754909600,1,754909600.0,406635.0
Pearl Jam,1178888738,549784,619645404,2,589444369.0,274892.0
zzoilo,720665392,289674,720665392,1,720665392.0,289674.0
Diplo,619334392,644956,619334392,1,619334392.0,644956.0
The All-American Rejects,609419906,248507,609419906,1,609419906.0,248507.0
T.I.,1088479378,381924,570989731,2,544239689.0,190962.0
Fetty Wap,2048167281,570802,1220304174,2,1024083640.5,285401.0
Rick Astley,882281482,524904,882281482,1,882281482.0,524904.0
Troye Sivan,1927879678,710290,707298055,3,642626559.3333334,236763.33333333334
AC/DC,6985633444,4705019,1700831032,5,1397126688.8,941003.8
Three Days Grace,1406692804,1125423,805391677,2,703346402.0,562711.5
Elle King,516292043,137374,516292043,1,516292043.0,137374.0
Bastille,1651637367,615784,1651637367,1,1651637367.0,615784.0
Shawn Mendes,15232581478,4953280,2821156041,11,1384780134.3636363,450298.1818181818
Korn,534096105,364094,534096105,1,534096105.0,364094.0
The Verve,1110730379,579460,1110730379,1,1110730379.0,579460.0
Aaron Smith,892468309,335776,892468309,1,892468309.0,335776.0
The White Stripes,1755032069,901214,1755032069,1,1755032069.0,901214.0
Tyla,810437179,1442997,810437179,1,810437179.0,1442997.0
Al Green,581488933,281951,581488933,1,581488933.0,281951.0
Sheck Wes,1085559259,266481,1085559259,1,1085559259.0,266481.0
Ramz,527285003,143280,527285003,1,527285003.0,143280.0
Lil Tecca,2014723409,1202068,1439747059,2,1007361704.5,601034.0
Kodaline,1180499044,408398,1180499044,1,1180499044.0,408398.0
Ricky Martin,629172100,153199,629172100,1,629172100.0,153199.0
Mac DeMarco,2655163786,2549206,781154682,4,663790946.5,637301.5
Green Day,5736947451,3792341,1147179726,7,819563921.5714285,541763.0
R. Kelly,630910041,124900,630910041,1,630910041.0,124900.0
GAYLE,1155952063,256531,1155952063,1,1155952063.0,256531.0
Dean Lewis,2406070865,809038,1809868485,2,1203035432.5,404519.0
Junior H,737364729,548798,737364729,1,737364729.0,548798.0
Andy Grammer,544537923,386409,544537923,1,544537923.0,386409.0
girl in red,1623721722,1676343,1117123808,2,811860861.0,838171.5
Gala,530736696,479513,530736696,1,530736696.0,479513.0
Jay Wheeler,1173445754,776032,1173445754,1,1173445754.0,776032.0
Sabrina Carpenter,3782258672,12918186,1316210474,4,945564668.0,3229546.5
Christian Nodal,2261778348,1893339,626982528,4,565444587.0,473334.75
Ski Mask The Slump God,584425568,147767,584425568,1,584425568.0,147767.0
The Chainsmokers,13051396770,4207114,2975681475,10,1305139677.0,420711.4
The Wanted,851536306,375251,851536306,1,851536306.0,375251.0
Los Enanitos Verdes,737651411,436736,737651411,1,737651411.0,436736.0
Vundabar,585532562,551269,585532562,1,585532562.0,551269.0
Sade,507772358,607152,507772358,1,507772358.0,607152.0
Majestic,653280824,446991,653280824,1,653280824.0,446991.0
Cascada,694395730,393426,694395730,1,694395730.0,393426.0
Kiiara,659182328,85780,659182328,1,659182328.0,85780.0
John Lennon,1258453333,389327,686169642,2,629226666.5,194663.5
King Von,544021736,571718,544021736,1,544021736.0,571718.0
Giveon,1221410557,780414,1221410557,1,1221410557.0,780414.0
Anne-Marie,1573896976,406715,1573896976,1,1573896976.0,406715.0
Jason Derulo,5041551178,1416893,1137049931,6,840258529.6666666,236148.83333333334
Brent Faiyaz,1161592585,688629,601418995,2,580796292.5,344314.5
Talking Heads,533379024,427417,533379024,1,533379024.0,427417.0
Lauren Daigle,561618467,243572,561618467,1,561618467.0,243572.0
Super Yei,1112692290,592693,570110083,2,556346145.0,296346.5
Peso Pluma,1454609581,897009,752558467,2,727304790.5,448504.5
Bryan Adams,2564751205,1471839,1283396654,3,854917068.3333334,490613.0
Chris Stapleton,1032798300,811300,1032798300,1,1032798300.0,811300.0
WALK THE MOON,1818525910,1389151,1818525910,1,1818525910.0,1389151.0
Cults,578640041,545668,578640041,1,578640041.0,545668.0
Mariah Carey,2470810459,688645,1819599508,2,1235405229.5,344322.5
Imagine Dragons,20673479844,9125732,3140449933,13,1590267680.3076923,701979.3846153846
Katy Perry,12797045457,8275365,1520335248,14,914074675.5,591097.5
Rage Against The Machine,950769761,452796,950769761,1,950769761.0,452796.0
Kelly Clarkson,2824560875,1101505,782640110,4,706140218.75,275376.25
M.I.A.,773767286,300178,773767286,1,773767286.0,300178.0
Steppenwolf,577097937,224548,577097937,1,577097937.0,224548.0
OMI,1755204019,852499,1755204019,1,1755204019.0,852499.0
Dean Martin,628396077,77625,628396077,1,628396077.0,77625.0
Aqua,556314698,368950,556314698,1,556314698.0,368950.0
Internet Money,1361426226,461348,1361426226,1,1361426226.0,461348.0
Beach House,1181911377,821707,1181911377,1,1181911377.0,821707.0
Nickelback,1719459639,1349338,1152126117,2,859729819.5,674669.0
Tom Walker,636688256,187124,636688256,1,636688256.0,187124.0
Bryson Tiller,2947413624,2398835,1375556175,3,982471208.0,799611.6666666666
Soulja Boy,1293175053,640250,704639447,2,646587526.5,320125.0
Lil Jon & The East Side Boyz,543511713,288010,543511713,1,543511713.0,288010.0
MAGIC!,1587114855,1021257,1587114855,1,1587114855.0,1021257.0
George Michael,1690803540,1265514,1110097311,2,845401770.0,632757.0
Owl City,1570280849,665817,935798148,2,785140424.5,332908.5
Black Sabbath,1163397622,673294,1163397622,1,1163397622.0,673294.0
Sia,9546365001,3939366,1816755550,9,1060707222.3333334,437707.3333333333
Snoop Dogg,2113842566,771661,1490009433,2,1056921283.0,385830.5
Manuel Turizo,3718411303,2540145,1909400212,4,929602825.75,635036.25
SHAED,544394944,135601,544394944,1,544394944.0,135601.0
Gym Class Heroes,1379282542,578028,1379282542,1,1379282542.0,578028.0
Alejandro Fernández,651557050,560459,651557050,1,651557050.0,560459.0
Steve Aoki,520016905,35295,520016905,1,520016905.0,35295.0
R.E.M.,1440136246,919763,1440136246,1,1440136246.0,919763.0
Morat,1831095927,1040267,657266728,3,610365309.0,346755.6666666667
Carlos Baute,581767372,310572,581767372,1,581767372.0,310572.0
Tinlicker,520126362,948913,520126362,1,520126362.0,948913.0
Juanes,515325369,361268,515325369,1,515325369.0,361268.0
The Doobie Brothers,618592645,376379,618592645,1,618592645.0,376379.0
Miguel,2657542480,2270324,1478984213,3,885847493.3333334,756774.6666666666
DMX,753445918,223901,753445918,1,753445918.0,223901.0
Carin Leon,711298367,1186448,711298367,1,711298367.0,1186448.0
José Feliciano,668740166,52552,668740166,1,668740166.0,52552.0
Gotye,1846980747,908160,1846980747,1,1846980747.0,908160.0
Camila Cabello,6327517871,2709795,2128683823,7,903931124.4285715,387113.5714285714
Social House,505511969,118483,505511969,1,505511969.0,118483.0
YNW Melly,1677072051,505714,1087228385,2,838536025.5,252857.0
Aerosmith,2259194441,989639,1200897042,2,1129597220.5,494819.5
Selena Gomez & The Scene,1426150610,800866,908148224,2,713075305.0,400433.0
Trippie Redd,1671661424,447243,584317497,3,557220474.6666666,149081.0
Coolio,1811411229,1202607,1811411229,1,1811411229.0,1202607.0
Joel Adams,684960577,74494,684960577,1,684960577.0,74494.0
Dhruv,924708531,1166126,924708531,1,924708531.0,1166126.0
Masked Wolf,1279207946,290434,1279207946,1,1279207946.0,290434.0
BlocBoy JB,993243275,88032,993243275,1,993243275.0,88032.0
Shania Twain,1178539351,624814,613460199,2,589269675.5,312407.0
Haddaway,846390903,657459,846390903,1,846390903.0,657459.0
Sam Hunt,899655008,217203,899655008,1,899655008.0,217203.0
Galantis,1821423245,580770,929351824,2,910711622.5,290385.0
Robin Schulz,1269974545,390720,1269974545,1,1269974545.0,390720.0
Alphaville,705300874,1804908,705300874,1,705300874.0,1804908.0
Echosmith,585535879,193796,585535879,1,585535879.0,193796.0
Destiny's Child,882219006,675183,882219006,1,882219006.0,675183.0
4 Non Blondes,981830175,581638,981830175,1,981830175.0,581638.0
R. City,1038167188,357057,1038167188,1,1038167188.0,357057.0
Kenny Loggins,1454322932,602779,904044300,2,727161466.0,301389.5
Oliver Tree,1248868043,508094,660505379,2,624434021.5,254047.0
PinkPantheress,1581605087,1633968,889334624,2,790802543.5,816984.0
Blue Öyster Cult,576359352,253733,576359352,1,576359352.0,253733.0
Rob $tone,868699124,209994,868699124,1,868699124.0,209994.0
Rels B,1256422003,994015,695344678,2,628211001.5,497007.5
FloyyMenor,1147181063,2996560,1147181063,1,1147181063.0,2996560.0
Quevedo,2004222128,1565126,819091529,3,668074042.6666666,521708.6666666667
Unknown,8304042588,5195261,2542291501,6,1384007098.0,865876.8333333334
Christmas Hits,572263304,7523,572263304,1,572263304.0,7523.0
The Pointer Sisters,549601299,478733,549601299,1,549601299.0,478733.0
The Clash,1126426511,840482,1126426511,1,1126426511.0,840482.0
Mon Laferte,569309430,507390,569309430,1,569309430.0,507390.0
Bonnie Tyler,816487900,601402,816487900,1,816487900.0,601402.0
Ariana Grande,24852909491,10273776,2339624083,22,1129677704.1363637,466989.8181818182
Portugal. The Man,1362598577,423200,1362598577,1,1362598577.0,423200.0
Felix Jaehn,765316503,255225,765316503,1,765316503.0,255225.0
Steve Lacy,3146645487,2765010,1434321482,3,1048881829.0,921670.0
Robin Thicke,874573947,243880,874573947,1,874573947.0,243880.0
BENEE,748682373,91142,748682373,1,748682373.0,91142.0
Lil Dicky,684006939,134961,684006939,1,684006939.0,134961.0
Various Artists,531306272,402859,531306272,1,531306272.0,402859.0
Summer Walker,659611178,300886,659611178,1,659611178.0,300886.0
¥$,576568114,802437,576568114,1,576568114.0,802437.0
Nico & Vinz,1009216714,313260,1009216714,1,1009216714.0,313260.0
Ashnikko,522748390,134265,522748390,1,522748390.0,134265.0
Nelly Furtado,2704888268,1983842,1279663526,3,901629422.6666666,661280.6666666666
Tyga,1390824030,352028,1390824030,1,1390824030.0,352028.0
Kim Carnes,505780791,349406,505780791,1,505780791.0,349406.0
Drake,33073789969,9046121,3343221259,33,1002236059.6666666,274124.8787878788
Lizzo,3063341428,679736,1005715312,4,765835357.0,169934.0
Wham!,2529774616,1051397,1521484332,2,1264887308.0,525698.5
Bakar,556876494,345022,556876494,1,556876494.0,345022.0
Joji,4623795497,2216328,1341048596,5,924759099.4,443265.6
Savage Garden,519638154,263660,519638154,1,519638154.0,263660.0
Roy Orbison,615936670,426521,615936670,1,615936670.0,426521.0
Chino Pacas,596410095,272420,596410095,1,596410095.0,272420.0
League of Legends,620057651,241773,620057651,1,620057651.0,241773.0
Alexandra Stan,612141338,406790,612141338,1,612141338.0,406790.0
Phil Collins,1383774414,751804,743269443,2,691887207.0,375902.0
The Goo Goo Dolls,1879576385,2303736,1879576385,1,1879576385.0,2303736.0
Melanie Martinez,1378722949,479194,857582279,2,689361474.5,239597.0
Luniz,524867096,301469,524867096,1,524867096.0,301469.0
Lady Gaga,13446311332,7729175,2541415751,13,1034331640.9230769,594551.9230769231
JAY-Z,4187380801,2025530,1497710432,4,1046845200.25,506382.5
PARTYNEXTDOOR,1510603001,850729,885104889,2,755301500.5,425364.5
Gwen Stefani,1344389205,782909,683637838,2,672194602.5,391454.5
Soda Stereo,574419949,345155,574419949,1,574419949.0,345155.0
Axwell /\ Ingrosso,1396656820,396285,1396656820,1,1396656820.0,396285.0
Juice WRLD,13752910038,4648421,2627821814,14,982350717.0,332030.0714285714
GoldLink,584779021,379295,584779021,1,584779021.0,379295.0
Johnny Cash,632004049,184517,632004049,1,632004049.0,184517.0
Billie Eilish,28253244160,20094781,2979291308,27,1046416450.3703704,744251.1481481482
Bruno Mars,22132869673,14069683,2273842714,16,1383304354.5625,879355.1875
Dominic Fike,1589103949,1017244,1046544638,2,794551974.5,508622.0
FIFTY FIFTY,906320605,371444,906320605,1,906320605.0,371444.0
Famous Dex,584792497,71638,584792497,1,584792497.0,71638.0
2Pac,3417713717,1845255,796540277,5,683542743.4,369051.0
Ingratax,538213574,89418,538213574,1,538213574.0,89418.0
Limp Bizkit,1283789746,1239660,712617040,2,641894873.0,619830.0
Europe,637503437,316756,637503437,1,637503437.0,316756.0
Stealers Wheel,718747872,396259,718747872,1,718747872.0,396259.0
Calle 24,763342957,1176426,763342957,1,763342957.0,1176426.0
Chris Jedi,683243779,236189,683243779,1,683243779.0,236189.0
Jax Jones,634245363,124039,634245363,1,634245363.0,124039.0
Lykke Li,624966859,326387,624966859,1,624966859.0,326387.0
Backstreet Boys,2109110913,1633842,1544056252,2,1054555456.5,816921.0
Ava Max,3854828378,1403656,1726792559,4,963707094.5,350914.0
Lifehouse,586414671,200799,586414671,1,586414671.0,200799.0
Camilo,1192617326,289796,607332595,2,596308663.0,144898.0
Daryl Hall & John Oates,2564123758,2011627,1091346293,3,854707919.3333334,670542.3333333334
Kylie Minogue,578636896,432891,578636896,1,578636896.0,432891.0
Sixpence None The Richer,878853269,875975,878853269,1,878853269.0,875975.0
Foreigner,904148760,578439,904148760,1,904148760.0,578439.0
Natalie Imbruglia,801531299,697644,801531299,1,801531299.0,697644.0
Quality Control,540677867,167201,540677867,1,540677867.0,167201.0
Lukas Graham,2776750664,855868,2004016428,2,1388375332.0,427934.0
Men I Trust,515975426,500207,515975426,1,515975426.0,500207.0
Ne-Yo,2114953455,1276029,896327393,3,704984485.0,425343.0
Paul Simon,632161877,233050,632161877,1,632161877.0,233050.0
Jay Rock,612997449,129943,612997449,1,612997449.0,129943.0
Shaggy,1568890689,849914,1062419797,2,784445344.5,424957.0
Rupert Holmes,603970662,266432,603970662,1,603970662.0,266432.0
Natanael Cano,717495903,580525,717495903,1,717495903.0,580525.0
Louis Tomlinson,582314001,53020,582314001,1,582314001.0,53020.0
Lorde,3355246448,1039508,1267469229,4,838811612.0,259877.0
Train,3304867091,2342209,1624443268,3,1101622363.6666667,780736.3333333334
Chance the Rapper,508586897,67368,508586897,1,508586897.0,67368.0
Rick Springfield,638852981,491471,638852981,1,638852981.0,491471.0
Farruko,1555082997,527762,1555082997,1,1555082997.0,527762.0
Creedence Clearwater Revival,4163223126,3064914,1738495762,3,1387741042.0,1021638.0
ATB,752785354,316599,752785354,1,752785354.0,316599.0
Deep Purple,551664615,234183,551664615,1,551664615.0,234183.0
Sech,1892082302,231929,702218100,3,630694100.6666666,77309.66666666667
Gera MX,679308410,326330,679308410,1,679308410.0,326330.0
Ozuna,7262788766,2203274,1047444543,11,660253524.1818181,200297.63636363635
Vegedream,507371379,184447,507371379,1,507371379.0,184447.0
Kungs,1173531406,494953,1173531406,1,1173531406.0,494953.0
Lou Bega,677901385,348620,677901385,1,677901385.0,348620.0
NF,3234239987,902276,1509746527,4,808559996.75,225569.0
Fifth Harmony,2294918188,521971,1459794900,2,1147459094.0,260985.5
Enrique Iglesias,2802288438,1079279,888112417,4,700572109.5,269819.75
Yiruma,518869071,167345,518869071,1,518869071.0,167345.0
Ghost,642556704,520527,642556704,1,642556704.0,520527.0
Bob Marley & The Wailers,3999826069,2498909,1059105844,5,799965213.8,499781.8
SAINt JHN,1974753514,560695,1974753514,1,1974753514.0,560695.0
Roxette,657710154,728084,657710154,1,657710154.0,728084.0
Natasha Bedingfield,1119392587,1775434,1119392587,1,1119392587.0,1775434.0
Frank Ocean,7326591529,6240535,1459367937,8,915823941.125,780066.875
Hailee Steinfeld,3597919489,421661,1207130745,4,899479872.25,105415.25
gnash,1430541283,232405,1430541283,1,1430541283.0,232405.0
JVKE,1708285024,1052739,1200262102,2,854142512.0,526369.5
León Larregui,522292745,288038,522292745,1,522292745.0,288038.0
50 Cent,5329388381,3253061,1596825640,6,888231396.8333334,542176.8333333334
Corinne Bailey Rae,750885739,841795,750885739,1,750885739.0,841795.0
Neil Diamond,751562823,384428,751562823,1,751562823.0,384428.0
Grupo Frontera,3071829882,3618048,1099234994,4,767957470.5,904512.0
Taylor Swift,39782835766,22181809,2481542457,42,947210375.3809524,528138.3095238095
Fitz and The Tantrums,783663477,590158,783663477,1,783663477.0,590158.0
"Grover Washington, Jr.",514247128,236823,514247128,1,514247128.0,236823.0
Dua Lipa,17209737355,7009121,2720815605,15,1147315823.6666667,467274.73333333334
Lil Peep,3806964039,2120640,1268071365,4,951741009.75,530160.0
Eslabon Armado,1802523387,814041,1286070366,2,901261693.5,407020.5
Frank Sinatra,1250601978,339007,677198891,2,625300989.0,169503.5
Dove Cameron,671281337,298352,671281337,1,671281337.0,298352.0
Daniel Caesar,3159663124,2878046,1482298917,3,1053221041.3333334,959348.6666666666
Måneskin,2825886064,1832813,1696715794,2,1412943032.0,916406.5
The Starlite Singers,1681456919,1095366,1681456919,1,1681456919.0,1095366.0
DVRST,518459912,204640,518459912,1,518459912.0,204640.0
Andy Williams,847630294,67605,847630294,1,847630294.0,67605.0
Shakira,6666874400,3663742,1779535294,8,833359300.0,457967.75
TOTO,2841422019,2542805,1885681517,2,1420711009.5,1271402.5
Bon Iver,656052200,217975,656052200,1,656052200.0,217975.0
Beach Bunny,599774583,495183,599774583,1,599774583.0,495183.0
The Righteous Brothers,580275498,360696,580275498,1,580275498.0,360696.0
Ty Dolla $ign,997247527,556408,997247527,1,997247527.0,556408.0
KISS,1560265000,940994,1054878623,2,780132500.0,470497.0
24kGoldn,1934675271,583691,1934675271,1,1934675271.0,583691.0
Tommy Richman,820849602,2820589,820849602,1,820849602.0,2820589.0
The Beach Boys,582523598,236420,582523598,1,582523598.0,236420.0
Simon & Garfunkel,1819283653,1427077,641394472,3,606427884.3333334,475692.3333333333
Nick Jonas,1134601707,289685,578105511,2,567300853.5,144842.5
James Arthur,8216456561,3994037,2986429659,8,1027057070.125,499254.625
Halsey,3321854126,765128,2101570151,3,1107284708.6666667,255042.66666666666
Lil Xan,610373733,84184,610373733,1,610373733.0,84184.0
Cardi B,5777018100,1956602,1661239166,6,962836350.0,326100.3333333333
Rudimental,1155527577,261228,1155527577,1,1155527577.0,261228.0
Maggie Lindemann,907440828,68951,907440828,1,907440828.0,68951.0
ABBA,2859010718,2276740,1423354735,3,953003572.6666666,758913.3333333334
Demi Lovato,4000995348,1249735,1174012019,5,800199069.6,249947.0
The Offspring,2607657089,1505899,1036841597,3,869219029.6666666,501966.3333333333
Post Malone,27798876572,9368781,3518744128,20,1389943828.6,468439.05
JID,606601022,512936,606601022,1,606601022.0,512936.0
Keane,2208965390,1427264,1680171506,2,1104482695.0,713632.0
Mac Miller,2135697102,1403491,785054142,3,711899034.0,467830.3333333333
Gabry Ponte,595484659,336064,595484659,1,595484659.0,336064.0
Madison Beer,542374956,762703,542374956,1,542374956.0,762703.0
Mabel,1036293325,195081,1036293325,1,1036293325.0,195081.0
Trevor Daniel,1655619434,510899,1655619434,1,1655619434.0,510899.0
Two Door Cinema Club,874863479,436957,874863479,1,874863479.0,436957.0
Riton,1013886052,322586,1013886052,1,1013886052.0,322586.0
P!nk,4342811628,2746769,1418099749,5,868562325.6,549353.8
Luis Fonsi,4497563242,984788,1800662716,3,1499187747.3333333,328262.6666666667
Kansas,1459002178,742241,783794478,2,729501089.0,371120.5
Nicky Jam,3658562392,1093793,1034352522,5,731712478.4,218758.6
Rae Sremmurd,3653420467,938887,995146841,5,730684093.4,187777.4
Jimi Hendrix,732678387,225751,732678387,1,732678387.0,225751.0
Glass Animals,3133817525,1252964,3133817525,1,3133817525.0,1252964.0
Soft Cell,877558823,608145,877558823,1,877558823.0,608145.0
Audioslave,714321201,437976,714321201,1,714321201.0,437976.0
SAYGRACE,524875646,208932,524875646,1,524875646.0,208932.0
Alok,793161167,224249,793161167,1,793161167.0,224249.0
Cage The Elephant,1749422141,1243775,1003023051,2,874711070.5,621887.5
alt-J,1379901863,667784,873919494,2,689950931.5,333892.0
Fugees,739798515,382261,739798515,1,739798515.0,382261.0
G-Eazy,3002661036,1169833,1344945126,3,1000887012.0,389944.3333333333
Toploader,938730482,650682,938730482,1,938730482.0,650682.0
The Black Keys,596184552,481877,596184552,1,596184552.0,481877.0
Brenda Lee,1016725297,110028,1016725297,1,1016725297.0,110028.0
Kid Rock,516434610,195660,516434610,1,516434610.0,195660.0
Nate Dogg,543479437,231132,543479437,1,543479437.0,231132.0
Journey,2078988587,1601701,2078988587,1,2078988587.0,1601701.0
MEDUZA,3221593862,1102059,1015681885,4,805398465.5,275514.75
All Time Low,591808176,294270,591808176,1,591808176.0,294270.0
Carlos Vives,1422782212,515755,722840398,2,711391106.0,257877.5
Loren Allred,599439342,177596,599439342,1,599439342.0,177596.0
Ritt Momney,611401994,104834,611401994,1,611401994.0,104834.0
Blur,948048556,538327,948048556,1,948048556.0,538327.0
American Authors,1046270325,430308,1046270325,1,1046270325.0,430308.0
Sum 41,538076657,324659,538076657,1,538076657.0,324659.0
Drowning Pool,524066355,610724,524066355,1,524066355.0,610724.0
Jack Johnson,1987095777,1048894,865639880,3,662365259.0,349631.3333333333
Swedish House Mafia,2096209379,1198556,1148716105,2,1048104689.5,599278.0
"Earth, Wind & Fire",2838960467,2508748,1735938998,3,946320155.6666666,836249.3333333334
Flipp Dinero,663472432,119407,663472432,1,663472432.0,119407.0
Meek Mill,1223214700,232023,1223214700,1,1223214700.0,232023.0
Tate McRae,2964285578,2290017,1519955294,2,1482142789.0,1145008.5
Jawsh 685,1137392062,171068,1137392062,1,1137392062.0,171068.0
JHAYCO,2156530899,1039098,1418784717,2,1078265449.5,519549.0
Akon,1831209349,1570820,1128043375,2,915604674.5,785410.0
Elley Duhé,1172456210,677936,1172456210,1,1172456210.0,677936.0
The Smiths,1199370512,1007158,663964880,2,599685256.0,503579.0
iñigo quintero,744571461,737257,744571461,1,744571461.0,737257.0
The 1975,819976425,296633,819976425,1,819976425.0,296633.0
Diddy,605252039,311965,605252039,1,605252039.0,311965.0
Arizona Zervas,1498436268,214802,1498436268,1,1498436268.0,214802.0
Chuck Berry,547381937,348988,547381937,1,547381937.0,348988.0
Belanova,506484127,531075,506484127,1,506484127.0,531075.0
JP Cooper,585433059,62456,585433059,1,585433059.0,62456.0
Mr. Probz,1035558516,308294,1035558516,1,1035558516.0,308294.0
James Hype,669075038,396285,669075038,1,669075038.0,396285.0
RAYE,861948567,577933,861948567,1,861948567.0,577933.0
Sean Paul,2723432814,1870173,1231224416,3,907810938.0,623391.0
Buffalo Springfield,665810063,382095,665810063,1,665810063.0,382095.0
The Who,611133223,379499,611133223,1,611133223.0,379499.0
Naughty Boy,674626996,285602,674626996,1,674626996.0,285602.0
Sublime,1329815574,778148,816642350,2,664907787.0,389074.0
Snow Patrol,1380926150,539301,1380926150,1,1380926150.0,539301.0
ACRAZE,841996858,311772,841996858,1,841996858.0,311772.0
The Notorious B.I.G.,3574275860,2238380,1208055583,4,893568965.0,559595.0
X Ambassadors,1494813709,469253,813027460,2,747406854.5,234626.5
Duki,527033520,249384,527033520,1,527033520.0,249384.0
Papa Roach,1198974790,548097,1198974790,1,1198974790.0,548097.0
Soundgarden,730509839,431959,730509839,1,730509839.0,431959.0
Tiësto,4290364193,1758750,1230797602,5,858072838.6,351750.0
Hotel Ugly,1020441306,1361606,1020441306,1,1020441306.0,1361606.0
Bruce Springsteen,1343755799,1493499,822869291,2,671877899.5,746749.5
Roy Woods,510801508,133696,510801508,1,510801508.0,133696.0
Justin Timberlake,5582976719,2822572,1785519223,6,930496119.8333334,470428.6666666667
A$AP Ferg,747300315,119196,747300315,1,747300315.0,119196.0
Ginuwine,515803602,194233,515803602,1,515803602.0,194233.0
KAROL G,8959745452,6810717,1534089441,10,895974545.2,681071.7
ZZ Top,657074693,686487,657074693,1,657074693.0,686487.0
ROSALÍA,3145649555,1488077,1077256165,4,786412388.75,372019.25
Alex & Sierra,747126155,155763,747126155,1,747126155.0,155763.0
Ella Mai,518539197,188216,518539197,1,518539197.0,188216.0
Lord Huron,2382890548,2963250,2382890548,1,2382890548.0,2963250.0
Oasis,3036571971,1946021,2103491418,2,1518285985.5,973010.5
Ricky Montgomery,1180435864,1140379,612255360,2,590217932.0,570189.5
Romeo Santos,2482736550,2060225,813772198,4,620684137.5,515056.25
Migos,3650462280,672649,951568154,5,730092456.0,134529.8
Imanbek,590696006,403170,590696006,1,590696006.0,403170.0
Carrie Underwood,640736996,415617,640736996,1,640736996.0,415617.0
Paulo Londra,2380576764,869851,951749705,3,793525588.0,289950.3333333333
Iggy Azalea,1332622265,378881,742416204,2,666311132.5,189440.5
salvia palth,555433761,721278,555433761,1,555433761.0,721278.0
V,826038820,1938939,826038820,1,826038820.0,1938939.0
Jimmy Eat World,1011101033,576266,1011101033,1,1011101033.0,576266.0
AWOLNATION,833237530,189906,833237530,1,833237530.0,189906.0
Alexander 23,545540729,154378,545540729,1,545540729.0,154378.0
Calvin Harris,17018275341,8334696,2273821616,15,1134551689.4,555646.4
Evanescence,1768001275,1164200,1223891054,2,884000637.5,582100.0
FISHER,542864032,206649,542864032,1,542864032.0,206649.0
Smash Mouth,1146557283,431622,1146557283,1,1146557283.0,431622.0
Fujii Kaze,601280097,351892,601280097,1,601280097.0,351892.0
Waka Flocka Flame,694407389,347453,694407389,1,694407389.0,347453.0
d4vd,2414291237,2240055,1269731139,2,1207145618.5,1120027.5
Mike Perry,809821182,85816,809821182,1,809821182.0,85816.0
Brett Young,578825549,202244,578825549,1,578825549.0,202244.0
YOASOBI,614652681,246480,614652681,1,614652681.0,246480.0
The Strokes,1217764185,521391,653019002,2,608882092.5,260695.5
Empire Of The Sun,994121126,635917,994121126,1,994121126.0,635917.0
Mustard,1675475178,403584,931529877,2,837737589.0,201792.0
Muse,1274703076,846846,644408807,2,637351538.0,423423.0
King Princess,577860502,63718,577860502,1,577860502.0,63718.0
Jhené Aiko,517672044,340798,517672044,1,517672044.0,340798.0
Mario,1039638320,761537,1039638320,1,1039638320.0,761537.0
Dr. Dre,3402044271,1543867,1494699230,3,1134014757.0,514622.3333333333
Tame Impala,4103328561,2555390,1749093856,5,820665712.2,511078.0
Elton John,7034163947,4214145,2135135555,6,1172360657.8333333,702357.5
Daddy Yankee,4746466476,2677210,1397058803,6,791077746.0,446201.6666666667
J. Cole,7871511288,3347074,2345083839,7,1124501612.5714285,478153.4285714286
LISA,1772785800,567010,1236117139,2,886392900.0,283505.0
Spice Girls,1152030869,737510,1152030869,1,1152030869.0,737510.0
Artemas,912453770,2435832,912453770,1,912453770.0,2435832.0
Astrid S,573087816,175768,573087816,1,573087816.0,175768.0
DJ Luian,563329408,125183,563329408,1,563329408.0,125183.0
AJR,695757605,98771,695757605,1,695757605.0,98771.0
Depeche Mode,709796115,462480,709796115,1,709796115.0,462480.0
Libianca,680965073,550341,680965073,1,680965073.0,550341.0
Stephen Sanchez,1101207161,818732,1101207161,1,1101207161.0,818732.0
The Smashing Pumpkins,649830593,391433,649830593,1,649830593.0,391433.0
The Red Jumpsuit Apparatus,524811536,297662,524811536,1,524811536.0,297662.0
Jason Mraz,3560593405,1461698,1949947280,3,1186864468.3333333,487232.6666666667
Blackstreet,830169562,366742,830169562,1,830169562.0,366742.0
Boza,648432131,173007,648432131,1,648432131.0,173007.0
THE SCOTTS,809906140,164185,809906140,1,809906140.0,164185.0
DaBaby,3158111631,472272,1663988786,3,1052703877.0,157424.0
FRENSHIP,656375473,65705,656375473,1,656375473.0,65705.0
BANNERS,877336570,358569,877336570,1,877336570.0,358569.0
Playboi Carti,2887003442,1282672,874612977,4,721750860.5,320668.0
cassö,714470342,791655,714470342,1,714470342.0,791655.0
Rosa Linn,1121094102,588343,1121094102,1,1121094102.0,588343.0
Calibre 50,520715752,223402,520715752,1,520715752.0,223402.0
WILLOW,1128661237,465890,1128661237,1,1128661237.0,465890.0
Liam Payne,1015149959,133321,1015149959,1,1015149959.0,133321.0
Otis Redding,832968798,540125,832968798,1,832968798.0,540125.0
Marc Anthony,647432951,289822,647432951,1,647432951.0,289822.0
Boston,877490240,405793,877490240,1,877490240.0,405793.0
Mary J. Blige,546337045,468742,546337045,1,546337045.0,468742.0
Daryl Hall,703646250,523132,703646250,1,703646250.0,523132.0
AronChupa,584459166,154974,584459166,1,584459166.0,154974.0
Stevie Wonder,1289259095,554014,651290637,2,644629547.5,277007.0
Banda MS de Sergio Lizárraga,518735921,558302,518735921,1,518735921.0,558302.0
Vanessa Carlton,820651438,361372,820651438,1,820651438.0,361372.0
No Doubt,768533020,538807,768533020,1,768533020.0,538807.0
Dave,1336126368,921138,768873374,2,668063184.0,460569.0
SZA,8294973635,7900807,2078813747,9,921663737.2222222,877867.4444444445
Desiigner,1196572209,155988,1196572209,1,1196572209.0,155988.0
Øneheart,744371488,898408,744371488,1,744371488.0,898408.0
Jung Kook,3477411124,5740783,1917641700,3,1159137041.3333333,1913594.3333333333
Eurythmics,1474459530,1941478,1474459530,1,1474459530.0,1941478.0
The xx,664803752,191093,664803752,1,664803752.0,191093.0
Jordin Sparks,506032442,226414,506032442,1,506032442.0,226414.0
Gorillaz,2971778322,1612917,1503556265,3,990592774.0,537639.0
John Newman,772812635,386886,772812635,1,772812635.0,386886.0
Darius Rucker,769334694,464178,769334694,1,769334694.0,464178.0
Loreen,588095236,606222,588095236,1,588095236.0,606222.0
Gesaffelstein,950698841,743287,950698841,1,950698841.0,743287.0
Pop Smoke,7041198428,2470318,1171693513,9,782355380.8888888,274479.77777777775
Frankie Valli & The Four Seasons,509901194,262138,509901194,1,509901194.0,262138.0
Tones And I,3139823510,602667,3139823510,1,3139823510.0,602667.0
My Chemical Romance,1808350129,827107,998926643,2,904175064.5,413553.5
Shaboozey,749292375,3516596,749292375,1,749292375.0,3516596.0
Rascal Flatts,743850755,391867,743850755,1,743850755.0,391867.0
Steve Miller Band,517799727,270583,517799727,1,517799727.0,270583.0
Four Tops,535781379,280726,535781379,1,535781379.0,280726.0
Mumford & Sons,2017766150,677488,758427114,3,672588716.6666666,225829.33333333334
Fort Minor,741158305,281350,741158305,1,741158305.0,281350.0
Guns N' Roses,6714324184,3680815,1992799253,6,1119054030.6666667,613469.1666666666
Ziv Zaifman,570495339,197022,570495339,1,570495339.0,197022.0
KALEO,1191684115,734424,1191684115,1,1191684115.0,734424.0
Plan B,1684876467,2179921,1073990169,2,842438233.5,1089960.5
Don McLean,765628926,343817,765628926,1,765628926.0,343817.0
The Killers,4402769914,2581018,2315497074,4,1100692478.5,645254.5
Maluma,6447126759,4151199,1351421665,8,805890844.875,518899.875
The Script,3827548598,3578640,1542098419,4,956887149.5,894660.0
Jarabe De Palo,614130827,561426,614130827,1,614130827.0,561426.0
Mobb Deep,549869767,270857,549869767,1,549869767.0,270857.0
Eric Carmen,540250728,295364,540250728,1,540250728.0,295364.0
Lunay,987306147,256866,987306147,1,987306147.0,256866.0
Alan Walker,5300342828,1917224,2016322554,6,883390471.3333334,319537.3333333333
Ed Sheeran,32534029810,8637770,4018102402,23,1414523035.2173913,375555.2173913043
Sleepy Hallow,888580866,766448,888580866,1,888580866.0,766448.0
T-Pain,692758300,556391,692758300,1,692758300.0,556391.0
José González,545461646,284477,545461646,1,545461646.0,284477.0
The Kid LAROI,4217679580,1564696,3266446596,2,2108839790.0,782348.0
Nicky Youre,993179302,948516,993179302,1,993179302.0,948516.0
Florence + The Machine,1723997055,988365,1085668975,2,861998527.5,494182.5
BTS,9032558910,2428937,1929807019,10,903255891.0,242893.7
Polo G,3291008688,1988041,957907771,4,822752172.0,497010.25
Cosculluela,625394519,426915,625394519,1,625394519.0,426915.0
Jeremy Zucker,1426600781,332860,846561065,2,713300390.5,166430.0
Justin Bieber,20661483710,7804439,2521226929,19,1087446511.0526316,410759.94736842107
Milky Chance,1538881994,792189,1538881994,1,1538881994.0,792189.0
Whitney Houston,2020609619,1240901,1287460210,2,1010304809.5,620450.5
America,725480186,620174,725480186,1,725480186.0,620174.0
Arctic Monkeys,11549143989,7992481,2450537652,8,1443642998.625,999060.125
White Noise Baby Sleep,1599824641,309520,1599824641,1,1599824641.0,309520.0
Vance Joy,3231976594,1525926,2710364376,2,1615988297.0,762963.0
Powfu,1709349322,488636,1709349322,1,1709349322.0,488636.0
Céline Dion,566784195,265792,566784195,1,566784195.0,265792.0
U2,3049272597,1273867,1093561258,4,762318149.25,318466.75
Incubus,639779793,288836,639779793,1,639779793.0,288836.0
Dusty Springfield,608516843,333490,608516843,1,608516843.0,333490.0
Rvssian,521879154,162464,521879154,1,521879154.0,162464.0
CJ,789869286,191775,789869286,1,789869286.0,191775.0
Rich The Kid,662047062,82443,662047062,1,662047062.0,82443.0
Mitski,2014283871,2646637,1199787148,2,1007141935.5,1323318.5
Beyoncé,9157190464,4486029,1615523802,12,763099205.3333334,373835.75
blink-182,2796337927,1569906,1190125174,3,932112642.3333334,523302.0
Daniel Powter,606328561,186909,606328561,1,606328561.0,186909.0
Tracy Chapman,948416291,445654,948416291,1,948416291.0,445654.0
ZAYN,4853432268,2065999,1768869508,3,1617810756.0,688666.3333333334
Alex Rose,511684247,306282,511684247,1,511684247.0,306282.0
blackbear,2636990371,436060,1293537324,3,878996790.3333334,145353.33333333334
Jet,653246639,586682,653246639,1,653246639.0,586682.0
Kina,2315851213,645326,1047836462,3,771950404.3333334,215108.66666666666
a-ha,2067005311,1578453,2067005311,1,2067005311.0,1578453.0
Lil Wayne,4221395892,1966321,1161659878,6,703565982.0,327720.1666666667
DRAM,861439045,142078,861439045,1,861439045.0,142078.0
Sebastian Yatra,3857259856,1275300,850109054,6,642876642.6666666,212550.0
Kordhell,715423779,428062,715423779,1,715423779.0,428062.0
Leona Lewis,887179183,301831,887179183,1,887179183.0,301831.0
Zac Efron,1027614553,316189,1027614553,1,1027614553.0,316189.0
Marshmello,9385724280,3854900,2223776019,9,1042858253.3333334,428322.22222222225
Wallows,899434956,584869,899434956,1,899434956.0,584869.0
The Vamps,675857696,87103,675857696,1,675857696.0,87103.0
Outkast,2575719440,1539666,1428451440,2,1287859720.0,769833.0
NLE Choppa,1657029919,512541,586329239,3,552343306.3333334,170847.0
Cochise,519763195,180477,519763195,1,519763195.0,180477.0
Idina Menzel,792855212,389543,792855212,1,792855212.0,389543.0
Anitta,1379934796,803097,722804946,2,689967398.0,401548.5
Patrick Watson,929908327,882018,929908327,1,929908327.0,882018.0
Labrinth,3573987221,1848106,895993911,5,714797444.2,369621.2
Chino & Nacho,625502713,228303,625502713,1,625502713.0,228303.0
Central Cee,731319461,424024,731319461,1,731319461.0,424024.0
XXXTENTACION,19588433981,7069186,2266297232,15,1305895598.7333333,471279.06666666665
Don Omar,3160107280,2845192,1728118963,3,1053369093.3333334,948397.3333333334
The Walters,1581515206,1632811,1581515206,1,1581515206.0,1632811.0
Jeremih,1783697008,824230,694088473,3,594565669.3333334,274743.3333333333
The Weeknd,38458817140,21690310,4463658617,26,1479185274.6153846,834242.6923076923
Eagle-Eye Cherry,585591050,275709,585591050,1,585591050.0,275709.0
Survivor,1363158891,886904,1363158891,1,1363158891.0,886904.0
Radiohead,3133910410,2501942,1794349416,3,1044636803.3333334,833980.6666666666
Noah Cyrus,1063383633,478910,1063383633,1,1063383633.0,478910.0
Dennis Lloyd,1011964839,602400,1011964839,1,1011964839.0,602400.0
Lewis Capaldi,7599491060,3076310,3588673578,4,1899872765.0,769077.5
Starship,1729435581,894728,634060779,3,576478527.0,298242.6666666667
Timmy Trumpet,548932551,213958,548932551,1,548932551.0,213958.0
Luis Miguel,1352579091,803451,749282932,2,676289545.5,401725.5
Van Halen,921516901,348641,921516901,1,921516901.0,348641.0
Calum Scott,2356866050,856179,1274227784,2,1178433025.0,428089.5
Clairo,1296782972,688172,775083518,2,648391486.0,344086.0
Third Eye Blind,531623694,276047,531623694,1,531623694.0,276047.0
Twenty One Pilots,7182365710,2839434,2413525220,5,1436473142.0,567886.8
Bon Jovi,4365169894,2756069,1697823891,4,1091292473.5,689017.25
Macklemore & Ryan Lewis,3835043985,2135021,2543782552,2,1917521992.5,1067510.5
Simple Minds,956103117,502626,956103117,1,956103117.0,502626.0
Tego Calderón,647854886,554136,647854886,1,647854886.0,554136.0
John Denver,605971587,229371,605971587,1,605971587.0,229371.0
Marvin Gaye,1440956499,1034253,1440956499,1,1440956499.0,1034253.0
Coyote Theory,548908640,342421,548908640,1,548908640.0,342421.0
Sheppard,603290950,214013,603290950,1,603290950.0,214013.0
Fall Out Boy,4129654388,1846903,1236779561,5,825930877.6,369380.6
Mr.Kitty,885381768,412144,885381768,1,885381768.0,412144.0
Bill Withers,1772204780,1687683,1020497471,2,886102390.0,843841.5
System Of A Down,4254897756,2963704,1448098793,5,850979551.2,592740.8
Surf Mesa,937298915,220056,937298915,1,937298915.0,220056.0
Edward Sharpe & The Magnetic Zeros,954950640,383502,954950640,1,954950640.0,383502.0
Little Mix,2642321415,614279,771028362,4,660580353.75,153569.75
grandson,683430151,405198,683430151,1,683430151.0,405198.0
Pedro Capó,1176547505,222616,1176547505,1,1176547505.0,222616.0
Khalid,8465285842,2401991,1592320911,8,1058160730.25,300248.875
Maroon 5,20349492334,10072578,2080313706,15,1356632822.2666667,671505.2
Jimin,1892226019,7866917,1288246596,2,946113009.5,3933458.5
One Direction,11099132374,5803865,1710448066,12,924927697.8333334,483655.4166666667
Rammstein,1146155257,918247,610690735,2,573077628.5,459123.5
Sam Fischer,647384998,148466,647384998,1,647384998.0,148466.0
Lil Uzi Vert,6377834894,3046820,2202482060,6,1062972482.3333334,507803.3333333333
Taio Cruz,1716214709,936375,1123901696,2,858107354.5,468187.5
Chord Overstreet,884609537,325012,884609537,1,884609537.0,325012.0
Carly Simon,511365519,288789,511365519,1,511365519.0,288789.0
Ruth B.,2541562603,1588574,1682984088,2,1270781301.5,794287.0
Yng Lvcas,1129781494,1048933,1129781494,1,1129781494.0,1048933.0
Doja Cat,13060159831,5877615,1916069066,13,1004627679.3076923,452124.23076923075
Paramore,1680634473,904944,854045001,2,840317236.5,452472.0
Norah Jones,538042705,274110,538042705,1,538042705.0,274110.0
Peggy Gou,525266522,514914,525266522,1,525266522.0,514914.0
Slipknot,1983637587,1290315,800678974,3,661212529.0,430105.0
Eiffel 65,645497852,265577,645497852,1,645497852.0,265577.0
Iyaz,1017840476,830631,1017840476,1,1017840476.0,830631.0
ThxSoMch,564172182,391336,564172182,1,564172182.0,391336.0
Marc Seguí,714742369,503308,714742369,1,714742369.0,503308.0
The Paper Kites,639852268,521964,639852268,1,639852268.0,521964.0
Sofía Reyes,679976500,144501,679976500,1,679976500.0,144501.0
Xavi,1351318843,1451263,759195952,2,675659421.5,725631.5
Bee Gees,2479403575,1351026,1076794708,3,826467858.3333334,450342.0
TLC,1156716798,1067271,1156716798,1,1156716798.0,1067271.0
The Mamas & The Papas,939711306,777344,939711306,1,939711306.0,777344.0
Kaash Paige,541114606,665437,541114606,1,541114606.0,665437.0
ScHoolboy Q,653532980,293294,653532980,1,653532980.0,293294.0
Mau y Ricky,774894828,251211,774894828,1,774894828.0,251211.0
Pharrell Williams,1431802574,519260,1431802574,1,1431802574.0,519260.0
Gente De Zona,635680548,221862,635680548,1,635680548.0,221862.0
Mike Posner,2707898559,1093031,2021957664,2,1353949279.5,546515.5
Alec Benjamin,2330661557,782866,1786338746,2,1165330778.5,391433.0
Clean Bandit,6213490697,2378731,1584107293,5,1242698139.4,475746.2
benny blanco,1793624392,588767,1793624392,1,1793624392.0,588767.0
Chris Brown,4859289339,2656092,1359083273,6,809881556.5,442682.0
Seafret,914681516,790154,914681516,1,914681516.0,790154.0
Los Legendarios,655320889,124232,655320889,1,655320889.0,124232.0
MARINA,573925172,276790,573925172,1,573925172.0,276790.0
Regard,1413397807,572531,1413397807,1,1413397807.0,572531.0
Armin van Buuren,533703591,160531,533703591,1,533703591.0,160531.0
*NSYNC,766218771,2538110,766218771,1,766218771.0,2538110.0
Tropical Florida,600561024,402658,600561024,1,600561024.0,402658.0
Lil Pump,652177783,33498,652177783,1,652177783.0,33498.0
Hippie Sabotage,801065632,274074,801065632,1,801065632.0,274074.0
MØ,553687987,48829,553687987,1,553687987.0,48829.0
Yusuf / Cat Stevens,684947470,300309,684947470,1,684947470.0,300309.0
The Rare Occasions,658079473,547240,658079473,1,658079473.0,547240.0
Morgan Wallen,4647235560,3409047,1053313958,6,774539260.0,568174.5
Yandel,878391754,329587,878391754,1,878391754.0,329587.0
Culture Club,700394296,385243,700394296,1,700394296.0,385243.0
Louis Armstrong,624625284,407755,624625284,1,624625284.0,407755.0
Bobby Helms,967807036,96448,967807036,1,967807036.0,96448.0
Ozzy Osbourne,704699081,337151,704699081,1,704699081.0,337151.0
mgk,1908954599,462698,701988494,3,636318199.6666666,154232.66666666666
Ryan Castro,572250432,356513,572250432,1,572250432.0,356513.0
Lost Frequencies,3211219946,2147375,1342305911,3,1070406648.6666666,715791.6666666666
Nicki Minaj,3245874511,1705184,1198668066,4,811468627.75,426296.0
Matt Simons,516641360,179621,516641360,1,516641360.0,179621.0
Saweetie,596216211,286129,596216211,1,596216211.0,286129.0
fun.,1905624627,976077,1200593105,2,952812313.5,488038.5
The Cinematic Orchestra,640926794,310591,640926794,1,640926794.0,310591.0
Pitbull,6784358001,5530777,1571155207,7,969194000.1428572,790111.0
Alicia Keys,3223956478,2191353,1145058734,4,805989119.5,547838.25
Luke Bryan,580371783,261008,580371783,1,580371783.0,261008.0
Myke Towers,2786984059,2803400,1028632251,4,696746014.75,700850.0
Declan McKenna,655740520,674225,655740520,1,655740520.0,674225.0
Topic,1148851600,201734,1148851600,1,1148851600.0,201734.0
Joy Again,523130484,523381,523130484,1,523130484.0,523381.0
Ludovico Einaudi,510140577,332147,510140577,1,510140577.0,332147.0
LP,885841897,492651,885841897,1,885841897.0,492651.0
Eyedress,1407312888,1871773,887127424,2,703656444.0,935886.5
Don Henley,582635855,226912,582635855,1,582635855.0,226912.0
Duke Dumont,652712703,254135,652712703,1,652712703.0,254135.0
Avicii,10429620316,4169233,2446945285,8,1303702539.5,521154.125
Surf Curse,1179853403,1149335,1179853403,1,1179853403.0,1149335.0
Warren G,541865322,224873,541865322,1,541865322.0,224873.0
Baby Bash,506325296,216116,506325296,1,506325296.0,216116.0
Zac Brown Band,738609510,631955,738609510,1,738609510.0,631955.0
Macklemore,927327441,312365,927327441,1,927327441.0,312365.0
Kendrick Lamar,14866419334,9750225,2339700191,14,1061887095.2857143,696444.6428571428
The Neighbourhood,7045330395,7390967,3187169593,5,1409066079.0,1478193.4
Plain White T's,1122338762,328812,1122338762,1,1122338762.0,328812.0
Kate Bush,1272723432,949591,1272723432,1,1272723432.0,949591.0
Flo Rida,6728688936,3146607,1124281997,8,841086117.0,393325.875
Baby Keem,1568789661,833959,852500807,2,784394830.5,416979.5
Wheatus,682629513,476322,682629513,1,682629513.0,476322.0
Ali Gatie,1157181013,259019,1157181013,1,1157181013.0,259019.0
Michael Jackson,5534607472,3416352,1876175652,6,922434578.6666666,569392.0
Niall Horan,1970520597,664333,999186134,2,985260298.5,332166.5
Cris Mj,890449235,499957,890449235,1,890449235.0,499957.0
Snakehips,628409435,98124,628409435,1,628409435.0,98124.0
Pink Floyd,2816452188,1145004,926005987,4,704113047.0,286251.0
Don Toliver,1715408364,841969,984951623,2,857704182.0,420984.5
Xmas Classics,1014297300,31944,1014297300,1,1014297300.0,31944.0
Estelle,792008403,374695,792008403,1,792008403.0,374695.0
Hozier,5314873927,5826134,2691519096,5,1062974785.4,1165226.8
Elvis Presley,2331011469,1644937,953534151,3,777003823.0,548312.3333333334
Nirvana,4924246238,2956714,2132442267,4,1231061559.5,739178.5
Skillet,745103952,442219,745103952,1,745103952.0,442219.0
Hugh Jackman,574733297,206717,574733297,1,574733297.0,206717.0
David Bowie,1067943081,598012,545833192,2,533971540.5,299006.0
Aminé,1318013197,210999,771289906,2,659006598.5,105499.5
Foo Fighters,3353225071,1669030,1260515891,4,838306267.75,417257.5
OneRepublic,8109754689,3875695,2615664483,8,1013719336.125,484461.875
Bad Bunny,33999724737,12057755,2049953714,36,944436798.25,334937.6388888889
Jesse & Joy,599458535,325365,599458535,1,599458535.0,325365.0
Mark Ronson,3613734147,2152191,2069479721,3,1204578049.0,717397.0
Silk City,626875957,89740,626875957,1,626875957.0,89740.0
Gunna,903386431,998425,903386431,1,903386431.0,998425.0
Mazzy Star,607595448,814053,607595448,1,607595448.0,814053.0
Dire Straits,2531749380,1536863,1268487220,3,843916460.0,512287.6666666667
J Balvin,9435513292,3404000,1810059940,11,857773935.6363636,309454.54545454547
Bizarrap,2756450736,1030681,1769301862,2,1378225368.0,515340.5
Van Morrison,1178142466,2350002,1178142466,1,1178142466.0,2350002.0
Scorpions,781920493,915003,781920493,1,781920493.0,915003.0
$uicideboy$,1907960731,938442,712441492,3,635986910.3333334,312814.0
Daya,1119882777,433325,590249412,2,559941388.5,216662.5
Chris Rea,519886709,21841,519886709,1,519886709.0,21841.0
Kali Uchis,2648248795,1897610,1229562186,3,882749598.3333334,632536.6666666666
Amy Winehouse,2257484980,1455192,1104479080,3,752494993.3333334,485064.0
Sam Feldt,1152585102,186778,593078036,2,576292551.0,93389.0
Julia Michaels,2574462023,625802,1237737345,3,858154007.6666666,208600.66666666666
will.i.am,802953468,342548,802953468,1,802953468.0,342548.0
Chris Isaak,693590530,606957,693590530,1,693590530.0,606957.0
David Kushner,1252412824,1106163,1252412824,1,1252412824.0,1106163.0
SYML,681197830,629723,681197830,1,681197830.0,629723.0
Commodores,629658619,397925,629658619,1,629658619.0,397925.0
JENNIE,649128231,215259,649128231,1,649128231.0,215259.0
MGMT,2324770488,1370505,839044728,3,774923496.0,456835.0
Olly Alexander (Years & Years),673318777,332389,673318777,1,673318777.0,332389.0
Ryan Riback,912326907,132950,912326907,1,912326907.0,132950.0
Modjo,528081232,536134,528081232,1,528081232.0,536134.0
Adele,16918970434,10560306,2042111139,14,1208497888.142857,754307.5714285715
DJ Snake,6864515736,2055767,2240782698,6,1144085956.0,342627.8333333333
Crowded House,631814289,585819,631814289,1,631814289.0,585819.0
Rachel Platten,921737177,295574,921737177,1,921737177.0,295574.0
Men At Work,899830768,843726,899830768,1,899830768.0,843726.0
Aretha Franklin,1280619935,621382,645604777,2,640309967.5,310691.0
French Montana,2217603410,1531440,2217603410,1,2217603410.0,1531440.0
Sub Urban,767038114,320188,767038114,1,767038114.0,320188.0
Robbie Williams,555529336,283004,555529336,1,555529336.0,283004.0
R3HAB,683195159,236095,683195159,1,683195159.0,236095.0
Milo j,615001128,739006,615001128,1,615001128.0,739006.0
GROUPLOVE,966392760,352865,966392760,1,966392760.0,352865.0
David Guetta,11953167186,5775401,1818806137,14,853797656.1428572,412528.64285714284
StaySolidRocky,764808537,356979,764808537,1,764808537.0,356979.0
PUBLIC,575315318,165595,575315318,1,575315318.0,165595.0
Jessie J,3108309609,1244354,1383254950,4,777077402.25,311088.5
Franz Ferdinand,933868550,692978,933868550,1,933868550.0,692978.0
Norman Greenbaum,527755270,209423,527755270,1,527755270.0,209423.0
TINI,782316644,577164,782316644,1,782316644.0,577164.0
Carly Rae Jepsen,1993107905,1008226,1487449356,2,996553952.5,504113.0
Offset,1625106767,1245182,1625106767,1,1625106767.0,1245182.0
The Police,3502116453,2420724,2202268304,3,1167372151.0,806908.0
Rex Orange County,1789778576,484664,692439735,3,596592858.6666666,161554.66666666666
Reik,1780122727,966352,725868933,3,593374242.3333334,322117.3333333333
Charlie Puth,7803543793,3171139,1960985032,7,1114791970.4285715,453019.85714285716
The Kooks,670813626,333588,670813626,1,670813626.0,333588.0
Christina Perri,2290094677,934463,1738414797,2,1145047338.5,467231.5
Jennifer Lopez,626069377,517676,626069377,1,626069377.0,517676.0
Jaymes Young,1105646564,507061,1105646564,1,1105646564.0,507061.0
Dynoro,1497655248,639976,1497655248,1,1497655248.0,639976.0
Oscar Maydon,607305501,339618,607305501,1,607305501.0,339618.0
Bing Crosby,584237525,18601,584237525,1,584237525.0,18601.0
Miley Cyrus,9832368769,4786713,2204593162,9,1092485418.7777777,531857.0
Gucci Mane,564958175,99716,564958175,1,564958175.0,99716.0
Martin Garrix,4614335485,1424068,1498139856,5,922867097.0,284813.6
Benson Boone,2195877674,5385875,1360463954,2,1097938837.0,2692937.5
The Outfield,1002463350,1252795,1002463350,1,1002463350.0,1252795.0
Extreme,691092670,307049,691092670,1,691092670.0,307049.0
Lauv,2736279265,589859,1836019716,2,1368139632.5,294929.5
Of Monsters and Men,1096703651,435064,1096703651,1,1096703651.0,435064.0
Blondie,533263141,354341,533263141,1,533263141.0,354341.0
Timbaland,1550957988,1386543,941897958,2,775478994.0,693271.5
NATTI NATASHA,911862593,225639,911862593,1,911862593.0,225639.0
Tears For Fears,1783980738,1115910,1783980738,1,1783980738.0,1115910.0
Chappell Roan,706042525,5123739,706042525,1,706042525.0,5123739.0
Rauw Alejandro,7075928607,4609320,1426095728,9,786214289.6666666,512146.6666666667
Keala Settle,833137647,206795,833137647,1,833137647.0,206795.0
Avenged Sevenfold,614565840,285936,614565840,1,614565840.0,285936.0
Wiz Khalifa,2624975315,891274,1963447110,2,1312487657.5,445637.0
Burak Yeter,608680117,132410,608680117,1,608680117.0,132410.0
UB40,666019122,388094,666019122,1,666019122.0,388094.0
Micro TDH,777407874,243163,777407874,1,777407874.0,243163.0
Matt Sassari,565860202,840718,565860202,1,565860202.0,840718.0
Harry Styles,15831818701,5376790,3544187311,12,1319318225.0833333,448065.8333333333
Olivia Rodrigo,15126012662,8284565,2275267328,12,1260501055.1666667,690380.4166666666
The Rolling Stones,3987611469,2250670,1287722563,5,797522293.8,450134.0
21 Savage,5396315964,3345219,1173333911,7,770902280.5714285,477888.4285714286
Belinda Carlisle,534584277,361225,534584277,1,534584277.0,361225.0
Flume,861611942,320429,861611942,1,861611942.0,320429.0
Mötley Crüe,674116657,393684,674116657,1,674116657.0,393684.0
Michael Sembello,594936029,371213,594936029,1,594936029.0,371213.0
Trueno,570553741,384347,570553741,1,570553741.0,384347.0
New West,873847424,815103,873847424,1,873847424.0,815103.0
Tove Lo,2855896069,883509,967185289,4,713974017.25,220877.25
Mura Masa,512722887,135630,512722887,1,512722887.0,135630.0
Lil Baby,4139447629,1735375,1544841524,4,1034861907.25,433843.75
Daft Punk,2906151617,1669909,1140071070,4,726537904.25,417477.25
DNCE,1684299898,543917,1684299898,1,1684299898.0,543917.0
The Lumineers,2700703778,1231844,1351452613,2,1350351889.0,615922.0
Rise Against,750301132,444047,750301132,1,750301132.0,444047.0
Feid,4282360271,4602200,1036797187,5,856472054.2,920440.0
Capital Cities,1360245855,644409,1360245855,1,1360245855.0,644409.0
"Tyler, The Creator",4102421637,3740092,1822379391,4,1025605409.25,935023.0
Y2K,984174496,130250,984174496,1,984174496.0,130250.0
Ellie Goulding,3799624293,1026587,1566773038,4,949906073.25,256646.75
Breaking Benjamin,618823938,296490,618823938,1,618823938.0,296490.0
3 Doors Down,1675143124,784587,986129597,2,837571562.0,392293.5
Lizzy McAlpine,597764309,574027,597764309,1,597764309.0,574027.0
BØRNS,1132446098,355764,1132446098,1,1132446098.0,355764.0
JACKBOYS,738158272,242239,738158272,1,738158272.0,242239.0
Lilly Wood and The Prick,1120324423,415284,1120324423,1,1120324423.0,415284.0
Bebe Rexha,2094709490,330243,1410259116,2,1047354745.0,165121.5
Petit Biscuit,837105847,162630,837105847,1,837105847.0,162630.0
The Temptations,1013633680,534197,1013633680,1,1013633680.0,534197.0
Colbie Caillat,643980354,220644,643980354,1,643980354.0,220644.0
Richy Mitch & The Coal Miners,724141656,1711016,724141656,1,724141656.0,1711016.0
Lil Skies,1108251266,183557,595228617,2,554125633.0,91778.5
Kygo,7461061205,2177738,1467829577,9,829006800.5555556,241970.88888888888
Britney Spears,4478673361,4040104,1379429533,5,895734672.2,808020.8
USHER,3159269756,3046187,1417409087,3,1053089918.6666666,1015395.6666666666
James TW,657641664,115764,657641664,1,657641664.0,115764.0
Zedd,3919516287,913142,1540659164,4,979879071.75,228285.5
Band Aid,565618999,21874,565618999,1,565618999.0,21874.0
Keyshia Cole,601149675,626176,601149675,1,601149675.0,626176.0
Birdy,843820580,258062,843820580,1,843820580.0,258062.0
M83,1142509610,589224,1142509610,1,1142509610.0,589224.0
Queen,14450623594,7182233,2583294814,11,1313693054.0,652930.2727272727
Jack Ü,1123353148,177568,1123353148,1,1123353148.0,177568.0
Two Feet,1204143409,551587,666790138,2,602071704.5,275793.5
KYLE,975991853,145987,975991853,1,975991853.0,145987.0
6ix9ine,1391724889,280697,791806418,2,695862444.5,140348.5
Dasha,539275304,2404759,539275304,1,539275304.0,2404759.0
Travis Scott,14253727769,9077084,2527338922,13,1096440597.6153846,698237.2307692308
5 Seconds of Summer,3288938093,1121880,1844385350,3,1096312697.6666667,373960.0
Zach Bryan,2457608886,3761839,1032250906,3,819202962.0,1253946.3333333333
Cyndi Lauper,2158189657,1614950,1254670589,2,1079094828.5,807475.0
Meghan Trainor,4454945842,2478854,1106788373,6,742490973.6666666,413142.3333333333
James Blunt,927089568,300234,927089568,1,927089568.0,300234.0
The Pussycat Dolls,611271219,334221,611271219,1,611271219.0,334221.0
Metro Boomin,5311469070,3847761,1422701593,6,885244845.0,641293.5
Travie McCoy,702188631,363384,702188631,1,702188631.0,363384.0
Zara Larsson,3082682004,878476,1516383293,3,1027560668.0,292825.3333333333
Future,5275713803,3471311,1678131604,5,1055142760.6,694262.2
Ben E. King,1171711318,735879,1171711318,1,1171711318.0,735879.0
AURORA,933735277,497913,933735277,1,933735277.0,497913.0
Counting Crows,794529086,499974,794529086,1,794529086.0,499974.0
Jonas Blue,4115705237,901449,1176296665,4,1028926309.25,225362.25
Spin Doctors,530012029,252347,530012029,1,530012029.0,252347.0
Duncan Laurence,1240587128,508250,1240587128,1,1240587128.0,508250.0
Mora,2030234100,1053973,795692176,3,676744700.0,351324.3333333333
John Legend,2469158339,1087533,2469158339,1,2469158339.0,1087533.0
Rag'n'Bone Man,1074098123,650121,1074098123,1,1074098123.0,650121.0
Rema,2096935817,1133628,1483474961,2,1048467908.5,566814.0
The Animals,1014549330,485177,1014549330,1,1014549330.0,485177.0
Hombres G,664951343,436025,664951343,1,664951343.0,436025.0
George Harrison,540212383,223622,540212383,1,540212383.0,223622.0
The Turtles,512685753,271882,512685753,1,512685753.0,271882.0
Eric Clapton,510896228,218117,510896228,1,510896228.0,218117.0
Lil Tjay,2183959976,505739,804728968,3,727986658.6666666,168579.66666666666
Young Thug,1487891183,359528,743956860,2,743945591.5,179764.0
John Mayer,2361623355,763827,720617089,4,590405838.75,190956.75
t.A.T.u.,572476768,288588,572476768,1,572476768.0,288588.0
Red Hot Chili Peppers,8737109742,4671538,1495290583,8,1092138717.75,583942.25
Pinkfong,761754036,448740,761754036,1,761754036.0,448740.0
Dayglow,625514410,284145,625514410,1,625514410.0,284145.0
Electric Light Orchestra,1004553236,476217,1004553236,1,1004553236.0,476217.0
INTERWORLD,673305399,431662,673305399,1,673305399.0,431662.0
JP Saxe,1186470937,495335,1186470937,1,1186470937.0,495335.0
A Boogie Wit da Hoodie,3157028669,1028166,957581425,4,789257167.25,257041.5
Cutting Crew,657311740,391125,657311740,1,657311740.0,391125.0
Michael Bublé,2141631409,488193,1004206155,3,713877136.3333334,162731.0
Ice Cube,1802918549,934691,1193370283,2,901459274.5,467345.5
Logic,2436778993,345418,1352987823,3,812259664.3333334,115139.33333333333
Dream Supplier,1158888634,2927128,1158888634,1,1158888634.0,2927128.0
Black Eyed Peas,7099986428,3969004,1519052999,9,788887380.8888888,441000.44444444444
Kenya Grace,849906873,773377,849906873,1,849906873.0,773377.0
Djo,1019410778,2361144,1019410778,1,1019410778.0,2361144.0
Ashe,818172650,542598,818172650,1,818172650.0,542598.0
Eminem,23541047091,8909834,2302745432,19,1239002478.4736843,468938.63157894736
Thomas Rhett,639312630,181178,639312630,1,639312630.0,181178.0
Avril Lavigne,1533380937,1151932,930779331,2,766690468.5,575966.0
Vacations,642155023,455765,642155023,1,642155023.0,455765.0
Tainy,1693457097,693551,953033836,2,846728548.5,346775.5
TV Girl,2469674403,3596692,1034433394,3,823224801.0,1198897.3333333333
Kings of Leon,2459776097,1924197,1550462532,2,1229888048.5,962098.5
Bazzi,3030850572,462076,1065861034,4,757712643.0,115519.0
Jonas Brothers,2484560089,545142,1449234318,3,828186696.3333334,181714.0
Icona Pop,932280701,529477,932280701,1,932280701.0,529477.0
Sasha Alex Sloan,606729822,445972,606729822,1,606729822.0,445972.0
Etta James,527305849,416477,527305849,1,527305849.0,416477.0
Kesha,2548237396,1632318,1294611303,3,849412465.3333334,544106.0
Stromae,1226883802,577891,713635473,2,613441901.0,288945.5
BoyWithUke,718150580,272423,718150580,1,718150580.0,272423.0
Piso 21,2044089679,512290,893469683,3,681363226.3333334,170763.33333333334
Martin Jensen,783063792,92127,783063792,1,783063792.0,92127.0
Led Zeppelin,2430137001,971603,1016793942,3,810045667.0,323867.6666666667
Deorro,831768460,240674,831768460,1,831768460.0,240674.0
Eagles,2382314846,1272682,1689768488,2,1191157423.0,636341.0
Tom Odell,2639301081,1815421,2639301081,1,2639301081.0,1815421.0
Lil Mosey,2069178664,466624,1329708814,2,1034589332.0,233312.0
Weezer,1343827050,702017,821469849,2,671913525.0,351008.5
Noah Kahan,1174338287,1801341,1174338287,1,1174338287.0,1801341.0
Tory Lanez,1443359441,1361080,909038882,2,721679720.5,680540.0
MUSIC LAB JPN,1681217835,529390,1681217835,1,1681217835.0,529390.0
Disclosure,1741947137,881472,1075270420,2,870973568.5,440736.0
Russ,1304199655,297908,718507132,2,652099827.5,148954.0
Big Sean,1518985985,295942,801330812,2,759492992.5,147971.0
Cheat Codes,1366314118,109675,685505045,2,683157059.0,54837.5
Jubël,509163794,218311,509163794,1,509163794.0,218311.0
Panic! At The Disco,3342318698,1079393,1657460648,3,1114106232.6666667,359797.6666666667
A Great Big World,1087068534,218333,1087068534,1,1087068534.0,218333.0
Thirty Seconds To Mars,650247685,467150,650247685,1,650247685.0,467150.0
MKTO,1413719106,461443,1413719106,1,1413719106.0,461443.0
JIN,509765341,782711,509765341,1,509765341.0,782711.0
CKay,2079801647,620544,885938094,3,693267215.6666666,206848.0
Luke Combs,4956840192,4528919,899762004,7,708120027.4285715,646988.4285714285
Kehlani,603818496,172398,603818496,1,603818496.0,172398.0
The Cardigans,671111494,548410,671111494,1,671111494.0,548410.0
The Living Tombstone,545561221,292825,545561221,1,545561221.0,292825.0
Liana Flores,574911043,643108,574911043,1,574911043.0,643108.0
Hillsong UNITED,506403163,251988,506403163,1,506403163.0,251988.0
The Fray,1775589989,639100,1255894137,2,887794994.5,319550.0
Kodak Black,2484265990,626003,1101487062,3,828088663.3333334,208667.66666666666
Arcángel,1340908868,389686,747387626,2,670454434.0,194843.0
The Beatles,4736531314,2615207,1415926132,6,789421885.6666666,435867.8333333333
Jon Bellion,743164062,109705,743164062,1,743164062.0,109705.0
Lana Del Rey,10847870762,9201838,1589975467,13,834451597.0769231,707833.6923076923
Billy Joel,3060122943,1970575,999450790,4,765030735.75,492643.75
Wisin,807489063,150360,807489063,1,807489063.0,150360.0
Peter Bjorn and John,533013368,333704,533013368,1,533013368.0,333704.0
George Ezra,2209148875,1191762,1236634322,2,1104574437.5,595881.0
Sam Smith,12450379938,4499836,2141897815,9,1383375548.6666667,499981.77777777775
Pink Sweat$,692418037,296840,692418037,1,692418037.0,296840.0
Passenger,2341935739,859601,2341935739,1,2341935739.0,859601.0
Linkin Park,8871395262,8012167,2195160703,9,985710584.6666666,890240.7777777778
Beach Weather,934940797,1247722,934940797,1,934940797.0,1247722.0
Hoobastank,1072233366,557877,1072233366,1,1072233366.0,557877.0
Manu Chao,733455927,610833,733455927,1,733455927.0,610833.0
Paloma Faith,798989720,352241,798989720,1,798989720.0,352241.0
Bishop Briggs,569015466,274596,569015466,1,569015466.0,274596.0
The Game,803769481,412141,803769481,1,803769481.0,412141.0
La Oreja de Van Gogh,710947510,1047610,710947510,1,710947510.0,1047610.0
Sean Kingston,819109248,385709,819109248,1,819109248.0,385709.0
Roddy Ricch,2549388675,1915409,1998554926,2,1274694337.5,957704.5
Jack Harlow,3778979906,1308056,848730768,5,755795981.2,261611.2
Yot Club,730320461,545614,730320461,1,730320461.0,545614.0
Fleetwood Mac,5718866462,3400323,1785422732,5,1143773292.4,680064.6
Katrina & The Waves,794929320,391161,794929320,1,794929320.0,391161.0
Dolly Parton,1374522799,946591,710632601,2,687261399.5,473295.5
Pablo Alborán,532897583,439395,532897583,1,532897583.0,439395.0
Rihanna,21095855062,10971527,1792572567,19,1110308161.1578948,577448.7894736842
James Bay,1977829228,539680,1225943065,2,988914614.0,269840.0
Becky G,3972538984,1787996,986609946,5,794507796.8,357599.2
Dan + Shay,2230658622,447519,1086456602,3,743552874.0,149173.0
The Jackson 5,955270274,317435,955270274,1,955270274.0,317435.0
Pritam,548978194,311330,548978194,1,548978194.0,311330.0
Neon Trees,881374639,342276,881374639,1,881374639.0,342276.0
Sufjan Stevens,516641011,217461,516641011,1,516641011.0,217461.0
Jordan Davis,512938783,572278,512938783,1,512938783.0,572278.0
The Cure,1527840526,804098,766826698,2,763920263.0,402049.0
